name,type,direction,description
smiles_000,string,,Generated molecule index 0 using the STONED molecular generator
smiles_001,string,,Generated molecule index 1 using the STONED molecular generator
smiles_002,string,,Generated molecule index 2 using the STONED molecular generator
smiles_003,string,,Generated molecule index 3 using the STONED molecular generator
smiles_004,string,,Generated molecule index 4 using the STONED molecular generator
smiles_005,string,,Generated molecule index 5 using the STONED molecular generator
smiles_006,string,,Generated molecule index 6 using the STONED molecular generator
smiles_007,string,,Generated molecule index 7 using the STONED molecular generator
smiles_008,string,,Generated molecule index 8 using the STONED molecular generator
smiles_009,string,,Generated molecule index 9 using the STONED molecular generator
smiles_010,string,,Generated molecule index 10 using the STONED molecular generator
smiles_011,string,,Generated molecule index 11 using the STONED molecular generator
smiles_012,string,,Generated molecule index 12 using the STONED molecular generator
smiles_013,string,,Generated molecule index 13 using the STONED molecular generator
smiles_014,string,,Generated molecule index 14 using the STONED molecular generator
smiles_015,string,,Generated molecule index 15 using the STONED molecular generator
smiles_016,string,,Generated molecule index 16 using the STONED molecular generator
smiles_017,string,,Generated molecule index 17 using the STONED molecular generator
smiles_018,string,,Generated molecule index 18 using the STONED molecular generator
smiles_019,string,,Generated molecule index 19 using the STONED molecular generator
smiles_020,string,,Generated molecule index 20 using the STONED molecular generator
smiles_021,string,,Generated molecule index 21 using the STONED molecular generator
smiles_022,string,,Generated molecule index 22 using the STONED molecular generator
smiles_023,string,,Generated molecule index 23 using the STONED molecular generator
smiles_024,string,,Generated molecule index 24 using the STONED molecular generator
smiles_025,string,,Generated molecule index 25 using the STONED molecular generator
smiles_026,string,,Generated molecule index 26 using the STONED molecular generator
smiles_027,string,,Generated molecule index 27 using the STONED molecular generator
smiles_028,string,,Generated molecule index 28 using the STONED molecular generator
smiles_029,string,,Generated molecule index 29 using the STONED molecular generator
smiles_030,string,,Generated molecule index 30 using the STONED molecular generator
smiles_031,string,,Generated molecule index 31 using the STONED molecular generator
smiles_032,string,,Generated molecule index 32 using the STONED molecular generator
smiles_033,string,,Generated molecule index 33 using the STONED molecular generator
smiles_034,string,,Generated molecule index 34 using the STONED molecular generator
smiles_035,string,,Generated molecule index 35 using the STONED molecular generator
smiles_036,string,,Generated molecule index 36 using the STONED molecular generator
smiles_037,string,,Generated molecule index 37 using the STONED molecular generator
smiles_038,string,,Generated molecule index 38 using the STONED molecular generator
smiles_039,string,,Generated molecule index 39 using the STONED molecular generator
smiles_040,string,,Generated molecule index 40 using the STONED molecular generator
smiles_041,string,,Generated molecule index 41 using the STONED molecular generator
smiles_042,string,,Generated molecule index 42 using the STONED molecular generator
smiles_043,string,,Generated molecule index 43 using the STONED molecular generator
smiles_044,string,,Generated molecule index 44 using the STONED molecular generator
smiles_045,string,,Generated molecule index 45 using the STONED molecular generator
smiles_046,string,,Generated molecule index 46 using the STONED molecular generator
smiles_047,string,,Generated molecule index 47 using the STONED molecular generator
smiles_048,string,,Generated molecule index 48 using the STONED molecular generator
smiles_049,string,,Generated molecule index 49 using the STONED molecular generator
smiles_050,string,,Generated molecule index 50 using the STONED molecular generator
smiles_051,string,,Generated molecule index 51 using the STONED molecular generator
smiles_052,string,,Generated molecule index 52 using the STONED molecular generator
smiles_053,string,,Generated molecule index 53 using the STONED molecular generator
smiles_054,string,,Generated molecule index 54 using the STONED molecular generator
smiles_055,string,,Generated molecule index 55 using the STONED molecular generator
smiles_056,string,,Generated molecule index 56 using the STONED molecular generator
smiles_057,string,,Generated molecule index 57 using the STONED molecular generator
smiles_058,string,,Generated molecule index 58 using the STONED molecular generator
smiles_059,string,,Generated molecule index 59 using the STONED molecular generator
smiles_060,string,,Generated molecule index 60 using the STONED molecular generator
smiles_061,string,,Generated molecule index 61 using the STONED molecular generator
smiles_062,string,,Generated molecule index 62 using the STONED molecular generator
smiles_063,string,,Generated molecule index 63 using the STONED molecular generator
smiles_064,string,,Generated molecule index 64 using the STONED molecular generator
smiles_065,string,,Generated molecule index 65 using the STONED molecular generator
smiles_066,string,,Generated molecule index 66 using the STONED molecular generator
smiles_067,string,,Generated molecule index 67 using the STONED molecular generator
smiles_068,string,,Generated molecule index 68 using the STONED molecular generator
smiles_069,string,,Generated molecule index 69 using the STONED molecular generator
smiles_070,string,,Generated molecule index 70 using the STONED molecular generator
smiles_071,string,,Generated molecule index 71 using the STONED molecular generator
smiles_072,string,,Generated molecule index 72 using the STONED molecular generator
smiles_073,string,,Generated molecule index 73 using the STONED molecular generator
smiles_074,string,,Generated molecule index 74 using the STONED molecular generator
smiles_075,string,,Generated molecule index 75 using the STONED molecular generator
smiles_076,string,,Generated molecule index 76 using the STONED molecular generator
smiles_077,string,,Generated molecule index 77 using the STONED molecular generator
smiles_078,string,,Generated molecule index 78 using the STONED molecular generator
smiles_079,string,,Generated molecule index 79 using the STONED molecular generator
smiles_080,string,,Generated molecule index 80 using the STONED molecular generator
smiles_081,string,,Generated molecule index 81 using the STONED molecular generator
smiles_082,string,,Generated molecule index 82 using the STONED molecular generator
smiles_083,string,,Generated molecule index 83 using the STONED molecular generator
smiles_084,string,,Generated molecule index 84 using the STONED molecular generator
smiles_085,string,,Generated molecule index 85 using the STONED molecular generator
smiles_086,string,,Generated molecule index 86 using the STONED molecular generator
smiles_087,string,,Generated molecule index 87 using the STONED molecular generator
smiles_088,string,,Generated molecule index 88 using the STONED molecular generator
smiles_089,string,,Generated molecule index 89 using the STONED molecular generator
smiles_090,string,,Generated molecule index 90 using the STONED molecular generator
smiles_091,string,,Generated molecule index 91 using the STONED molecular generator
smiles_092,string,,Generated molecule index 92 using the STONED molecular generator
smiles_093,string,,Generated molecule index 93 using the STONED molecular generator
smiles_094,string,,Generated molecule index 94 using the STONED molecular generator
smiles_095,string,,Generated molecule index 95 using the STONED molecular generator
smiles_096,string,,Generated molecule index 96 using the STONED molecular generator
smiles_097,string,,Generated molecule index 97 using the STONED molecular generator
smiles_098,string,,Generated molecule index 98 using the STONED molecular generator
smiles_099,string,,Generated molecule index 99 using the STONED molecular generator
smiles_100,string,,Generated molecule index 100 using the STONED molecular generator
smiles_101,string,,Generated molecule index 101 using the STONED molecular generator
smiles_102,string,,Generated molecule index 102 using the STONED molecular generator
smiles_103,string,,Generated molecule index 103 using the STONED molecular generator
smiles_104,string,,Generated molecule index 104 using the STONED molecular generator
smiles_105,string,,Generated molecule index 105 using the STONED molecular generator
smiles_106,string,,Generated molecule index 106 using the STONED molecular generator
smiles_107,string,,Generated molecule index 107 using the STONED molecular generator
smiles_108,string,,Generated molecule index 108 using the STONED molecular generator
smiles_109,string,,Generated molecule index 109 using the STONED molecular generator
smiles_110,string,,Generated molecule index 110 using the STONED molecular generator
smiles_111,string,,Generated molecule index 111 using the STONED molecular generator
smiles_112,string,,Generated molecule index 112 using the STONED molecular generator
smiles_113,string,,Generated molecule index 113 using the STONED molecular generator
smiles_114,string,,Generated molecule index 114 using the STONED molecular generator
smiles_115,string,,Generated molecule index 115 using the STONED molecular generator
smiles_116,string,,Generated molecule index 116 using the STONED molecular generator
smiles_117,string,,Generated molecule index 117 using the STONED molecular generator
smiles_118,string,,Generated molecule index 118 using the STONED molecular generator
smiles_119,string,,Generated molecule index 119 using the STONED molecular generator
smiles_120,string,,Generated molecule index 120 using the STONED molecular generator
smiles_121,string,,Generated molecule index 121 using the STONED molecular generator
smiles_122,string,,Generated molecule index 122 using the STONED molecular generator
smiles_123,string,,Generated molecule index 123 using the STONED molecular generator
smiles_124,string,,Generated molecule index 124 using the STONED molecular generator
smiles_125,string,,Generated molecule index 125 using the STONED molecular generator
smiles_126,string,,Generated molecule index 126 using the STONED molecular generator
smiles_127,string,,Generated molecule index 127 using the STONED molecular generator
smiles_128,string,,Generated molecule index 128 using the STONED molecular generator
smiles_129,string,,Generated molecule index 129 using the STONED molecular generator
smiles_130,string,,Generated molecule index 130 using the STONED molecular generator
smiles_131,string,,Generated molecule index 131 using the STONED molecular generator
smiles_132,string,,Generated molecule index 132 using the STONED molecular generator
smiles_133,string,,Generated molecule index 133 using the STONED molecular generator
smiles_134,string,,Generated molecule index 134 using the STONED molecular generator
smiles_135,string,,Generated molecule index 135 using the STONED molecular generator
smiles_136,string,,Generated molecule index 136 using the STONED molecular generator
smiles_137,string,,Generated molecule index 137 using the STONED molecular generator
smiles_138,string,,Generated molecule index 138 using the STONED molecular generator
smiles_139,string,,Generated molecule index 139 using the STONED molecular generator
smiles_140,string,,Generated molecule index 140 using the STONED molecular generator
smiles_141,string,,Generated molecule index 141 using the STONED molecular generator
smiles_142,string,,Generated molecule index 142 using the STONED molecular generator
smiles_143,string,,Generated molecule index 143 using the STONED molecular generator
smiles_144,string,,Generated molecule index 144 using the STONED molecular generator
smiles_145,string,,Generated molecule index 145 using the STONED molecular generator
smiles_146,string,,Generated molecule index 146 using the STONED molecular generator
smiles_147,string,,Generated molecule index 147 using the STONED molecular generator
smiles_148,string,,Generated molecule index 148 using the STONED molecular generator
smiles_149,string,,Generated molecule index 149 using the STONED molecular generator
smiles_150,string,,Generated molecule index 150 using the STONED molecular generator
smiles_151,string,,Generated molecule index 151 using the STONED molecular generator
smiles_152,string,,Generated molecule index 152 using the STONED molecular generator
smiles_153,string,,Generated molecule index 153 using the STONED molecular generator
smiles_154,string,,Generated molecule index 154 using the STONED molecular generator
smiles_155,string,,Generated molecule index 155 using the STONED molecular generator
smiles_156,string,,Generated molecule index 156 using the STONED molecular generator
smiles_157,string,,Generated molecule index 157 using the STONED molecular generator
smiles_158,string,,Generated molecule index 158 using the STONED molecular generator
smiles_159,string,,Generated molecule index 159 using the STONED molecular generator
smiles_160,string,,Generated molecule index 160 using the STONED molecular generator
smiles_161,string,,Generated molecule index 161 using the STONED molecular generator
smiles_162,string,,Generated molecule index 162 using the STONED molecular generator
smiles_163,string,,Generated molecule index 163 using the STONED molecular generator
smiles_164,string,,Generated molecule index 164 using the STONED molecular generator
smiles_165,string,,Generated molecule index 165 using the STONED molecular generator
smiles_166,string,,Generated molecule index 166 using the STONED molecular generator
smiles_167,string,,Generated molecule index 167 using the STONED molecular generator
smiles_168,string,,Generated molecule index 168 using the STONED molecular generator
smiles_169,string,,Generated molecule index 169 using the STONED molecular generator
smiles_170,string,,Generated molecule index 170 using the STONED molecular generator
smiles_171,string,,Generated molecule index 171 using the STONED molecular generator
smiles_172,string,,Generated molecule index 172 using the STONED molecular generator
smiles_173,string,,Generated molecule index 173 using the STONED molecular generator
smiles_174,string,,Generated molecule index 174 using the STONED molecular generator
smiles_175,string,,Generated molecule index 175 using the STONED molecular generator
smiles_176,string,,Generated molecule index 176 using the STONED molecular generator
smiles_177,string,,Generated molecule index 177 using the STONED molecular generator
smiles_178,string,,Generated molecule index 178 using the STONED molecular generator
smiles_179,string,,Generated molecule index 179 using the STONED molecular generator
smiles_180,string,,Generated molecule index 180 using the STONED molecular generator
smiles_181,string,,Generated molecule index 181 using the STONED molecular generator
smiles_182,string,,Generated molecule index 182 using the STONED molecular generator
smiles_183,string,,Generated molecule index 183 using the STONED molecular generator
smiles_184,string,,Generated molecule index 184 using the STONED molecular generator
smiles_185,string,,Generated molecule index 185 using the STONED molecular generator
smiles_186,string,,Generated molecule index 186 using the STONED molecular generator
smiles_187,string,,Generated molecule index 187 using the STONED molecular generator
smiles_188,string,,Generated molecule index 188 using the STONED molecular generator
smiles_189,string,,Generated molecule index 189 using the STONED molecular generator
smiles_190,string,,Generated molecule index 190 using the STONED molecular generator
smiles_191,string,,Generated molecule index 191 using the STONED molecular generator
smiles_192,string,,Generated molecule index 192 using the STONED molecular generator
smiles_193,string,,Generated molecule index 193 using the STONED molecular generator
smiles_194,string,,Generated molecule index 194 using the STONED molecular generator
smiles_195,string,,Generated molecule index 195 using the STONED molecular generator
smiles_196,string,,Generated molecule index 196 using the STONED molecular generator
smiles_197,string,,Generated molecule index 197 using the STONED molecular generator
smiles_198,string,,Generated molecule index 198 using the STONED molecular generator
smiles_199,string,,Generated molecule index 199 using the STONED molecular generator
smiles_200,string,,Generated molecule index 200 using the STONED molecular generator
smiles_201,string,,Generated molecule index 201 using the STONED molecular generator
smiles_202,string,,Generated molecule index 202 using the STONED molecular generator
smiles_203,string,,Generated molecule index 203 using the STONED molecular generator
smiles_204,string,,Generated molecule index 204 using the STONED molecular generator
smiles_205,string,,Generated molecule index 205 using the STONED molecular generator
smiles_206,string,,Generated molecule index 206 using the STONED molecular generator
smiles_207,string,,Generated molecule index 207 using the STONED molecular generator
smiles_208,string,,Generated molecule index 208 using the STONED molecular generator
smiles_209,string,,Generated molecule index 209 using the STONED molecular generator
smiles_210,string,,Generated molecule index 210 using the STONED molecular generator
smiles_211,string,,Generated molecule index 211 using the STONED molecular generator
smiles_212,string,,Generated molecule index 212 using the STONED molecular generator
smiles_213,string,,Generated molecule index 213 using the STONED molecular generator
smiles_214,string,,Generated molecule index 214 using the STONED molecular generator
smiles_215,string,,Generated molecule index 215 using the STONED molecular generator
smiles_216,string,,Generated molecule index 216 using the STONED molecular generator
smiles_217,string,,Generated molecule index 217 using the STONED molecular generator
smiles_218,string,,Generated molecule index 218 using the STONED molecular generator
smiles_219,string,,Generated molecule index 219 using the STONED molecular generator
smiles_220,string,,Generated molecule index 220 using the STONED molecular generator
smiles_221,string,,Generated molecule index 221 using the STONED molecular generator
smiles_222,string,,Generated molecule index 222 using the STONED molecular generator
smiles_223,string,,Generated molecule index 223 using the STONED molecular generator
smiles_224,string,,Generated molecule index 224 using the STONED molecular generator
smiles_225,string,,Generated molecule index 225 using the STONED molecular generator
smiles_226,string,,Generated molecule index 226 using the STONED molecular generator
smiles_227,string,,Generated molecule index 227 using the STONED molecular generator
smiles_228,string,,Generated molecule index 228 using the STONED molecular generator
smiles_229,string,,Generated molecule index 229 using the STONED molecular generator
smiles_230,string,,Generated molecule index 230 using the STONED molecular generator
smiles_231,string,,Generated molecule index 231 using the STONED molecular generator
smiles_232,string,,Generated molecule index 232 using the STONED molecular generator
smiles_233,string,,Generated molecule index 233 using the STONED molecular generator
smiles_234,string,,Generated molecule index 234 using the STONED molecular generator
smiles_235,string,,Generated molecule index 235 using the STONED molecular generator
smiles_236,string,,Generated molecule index 236 using the STONED molecular generator
smiles_237,string,,Generated molecule index 237 using the STONED molecular generator
smiles_238,string,,Generated molecule index 238 using the STONED molecular generator
smiles_239,string,,Generated molecule index 239 using the STONED molecular generator
smiles_240,string,,Generated molecule index 240 using the STONED molecular generator
smiles_241,string,,Generated molecule index 241 using the STONED molecular generator
smiles_242,string,,Generated molecule index 242 using the STONED molecular generator
smiles_243,string,,Generated molecule index 243 using the STONED molecular generator
smiles_244,string,,Generated molecule index 244 using the STONED molecular generator
smiles_245,string,,Generated molecule index 245 using the STONED molecular generator
smiles_246,string,,Generated molecule index 246 using the STONED molecular generator
smiles_247,string,,Generated molecule index 247 using the STONED molecular generator
smiles_248,string,,Generated molecule index 248 using the STONED molecular generator
smiles_249,string,,Generated molecule index 249 using the STONED molecular generator
smiles_250,string,,Generated molecule index 250 using the STONED molecular generator
smiles_251,string,,Generated molecule index 251 using the STONED molecular generator
smiles_252,string,,Generated molecule index 252 using the STONED molecular generator
smiles_253,string,,Generated molecule index 253 using the STONED molecular generator
smiles_254,string,,Generated molecule index 254 using the STONED molecular generator
smiles_255,string,,Generated molecule index 255 using the STONED molecular generator
smiles_256,string,,Generated molecule index 256 using the STONED molecular generator
smiles_257,string,,Generated molecule index 257 using the STONED molecular generator
smiles_258,string,,Generated molecule index 258 using the STONED molecular generator
smiles_259,string,,Generated molecule index 259 using the STONED molecular generator
smiles_260,string,,Generated molecule index 260 using the STONED molecular generator
smiles_261,string,,Generated molecule index 261 using the STONED molecular generator
smiles_262,string,,Generated molecule index 262 using the STONED molecular generator
smiles_263,string,,Generated molecule index 263 using the STONED molecular generator
smiles_264,string,,Generated molecule index 264 using the STONED molecular generator
smiles_265,string,,Generated molecule index 265 using the STONED molecular generator
smiles_266,string,,Generated molecule index 266 using the STONED molecular generator
smiles_267,string,,Generated molecule index 267 using the STONED molecular generator
smiles_268,string,,Generated molecule index 268 using the STONED molecular generator
smiles_269,string,,Generated molecule index 269 using the STONED molecular generator
smiles_270,string,,Generated molecule index 270 using the STONED molecular generator
smiles_271,string,,Generated molecule index 271 using the STONED molecular generator
smiles_272,string,,Generated molecule index 272 using the STONED molecular generator
smiles_273,string,,Generated molecule index 273 using the STONED molecular generator
smiles_274,string,,Generated molecule index 274 using the STONED molecular generator
smiles_275,string,,Generated molecule index 275 using the STONED molecular generator
smiles_276,string,,Generated molecule index 276 using the STONED molecular generator
smiles_277,string,,Generated molecule index 277 using the STONED molecular generator
smiles_278,string,,Generated molecule index 278 using the STONED molecular generator
smiles_279,string,,Generated molecule index 279 using the STONED molecular generator
smiles_280,string,,Generated molecule index 280 using the STONED molecular generator
smiles_281,string,,Generated molecule index 281 using the STONED molecular generator
smiles_282,string,,Generated molecule index 282 using the STONED molecular generator
smiles_283,string,,Generated molecule index 283 using the STONED molecular generator
smiles_284,string,,Generated molecule index 284 using the STONED molecular generator
smiles_285,string,,Generated molecule index 285 using the STONED molecular generator
smiles_286,string,,Generated molecule index 286 using the STONED molecular generator
smiles_287,string,,Generated molecule index 287 using the STONED molecular generator
smiles_288,string,,Generated molecule index 288 using the STONED molecular generator
smiles_289,string,,Generated molecule index 289 using the STONED molecular generator
smiles_290,string,,Generated molecule index 290 using the STONED molecular generator
smiles_291,string,,Generated molecule index 291 using the STONED molecular generator
smiles_292,string,,Generated molecule index 292 using the STONED molecular generator
smiles_293,string,,Generated molecule index 293 using the STONED molecular generator
smiles_294,string,,Generated molecule index 294 using the STONED molecular generator
smiles_295,string,,Generated molecule index 295 using the STONED molecular generator
smiles_296,string,,Generated molecule index 296 using the STONED molecular generator
smiles_297,string,,Generated molecule index 297 using the STONED molecular generator
smiles_298,string,,Generated molecule index 298 using the STONED molecular generator
smiles_299,string,,Generated molecule index 299 using the STONED molecular generator
smiles_300,string,,Generated molecule index 300 using the STONED molecular generator
smiles_301,string,,Generated molecule index 301 using the STONED molecular generator
smiles_302,string,,Generated molecule index 302 using the STONED molecular generator
smiles_303,string,,Generated molecule index 303 using the STONED molecular generator
smiles_304,string,,Generated molecule index 304 using the STONED molecular generator
smiles_305,string,,Generated molecule index 305 using the STONED molecular generator
smiles_306,string,,Generated molecule index 306 using the STONED molecular generator
smiles_307,string,,Generated molecule index 307 using the STONED molecular generator
smiles_308,string,,Generated molecule index 308 using the STONED molecular generator
smiles_309,string,,Generated molecule index 309 using the STONED molecular generator
smiles_310,string,,Generated molecule index 310 using the STONED molecular generator
smiles_311,string,,Generated molecule index 311 using the STONED molecular generator
smiles_312,string,,Generated molecule index 312 using the STONED molecular generator
smiles_313,string,,Generated molecule index 313 using the STONED molecular generator
smiles_314,string,,Generated molecule index 314 using the STONED molecular generator
smiles_315,string,,Generated molecule index 315 using the STONED molecular generator
smiles_316,string,,Generated molecule index 316 using the STONED molecular generator
smiles_317,string,,Generated molecule index 317 using the STONED molecular generator
smiles_318,string,,Generated molecule index 318 using the STONED molecular generator
smiles_319,string,,Generated molecule index 319 using the STONED molecular generator
smiles_320,string,,Generated molecule index 320 using the STONED molecular generator
smiles_321,string,,Generated molecule index 321 using the STONED molecular generator
smiles_322,string,,Generated molecule index 322 using the STONED molecular generator
smiles_323,string,,Generated molecule index 323 using the STONED molecular generator
smiles_324,string,,Generated molecule index 324 using the STONED molecular generator
smiles_325,string,,Generated molecule index 325 using the STONED molecular generator
smiles_326,string,,Generated molecule index 326 using the STONED molecular generator
smiles_327,string,,Generated molecule index 327 using the STONED molecular generator
smiles_328,string,,Generated molecule index 328 using the STONED molecular generator
smiles_329,string,,Generated molecule index 329 using the STONED molecular generator
smiles_330,string,,Generated molecule index 330 using the STONED molecular generator
smiles_331,string,,Generated molecule index 331 using the STONED molecular generator
smiles_332,string,,Generated molecule index 332 using the STONED molecular generator
smiles_333,string,,Generated molecule index 333 using the STONED molecular generator
smiles_334,string,,Generated molecule index 334 using the STONED molecular generator
smiles_335,string,,Generated molecule index 335 using the STONED molecular generator
smiles_336,string,,Generated molecule index 336 using the STONED molecular generator
smiles_337,string,,Generated molecule index 337 using the STONED molecular generator
smiles_338,string,,Generated molecule index 338 using the STONED molecular generator
smiles_339,string,,Generated molecule index 339 using the STONED molecular generator
smiles_340,string,,Generated molecule index 340 using the STONED molecular generator
smiles_341,string,,Generated molecule index 341 using the STONED molecular generator
smiles_342,string,,Generated molecule index 342 using the STONED molecular generator
smiles_343,string,,Generated molecule index 343 using the STONED molecular generator
smiles_344,string,,Generated molecule index 344 using the STONED molecular generator
smiles_345,string,,Generated molecule index 345 using the STONED molecular generator
smiles_346,string,,Generated molecule index 346 using the STONED molecular generator
smiles_347,string,,Generated molecule index 347 using the STONED molecular generator
smiles_348,string,,Generated molecule index 348 using the STONED molecular generator
smiles_349,string,,Generated molecule index 349 using the STONED molecular generator
smiles_350,string,,Generated molecule index 350 using the STONED molecular generator
smiles_351,string,,Generated molecule index 351 using the STONED molecular generator
smiles_352,string,,Generated molecule index 352 using the STONED molecular generator
smiles_353,string,,Generated molecule index 353 using the STONED molecular generator
smiles_354,string,,Generated molecule index 354 using the STONED molecular generator
smiles_355,string,,Generated molecule index 355 using the STONED molecular generator
smiles_356,string,,Generated molecule index 356 using the STONED molecular generator
smiles_357,string,,Generated molecule index 357 using the STONED molecular generator
smiles_358,string,,Generated molecule index 358 using the STONED molecular generator
smiles_359,string,,Generated molecule index 359 using the STONED molecular generator
smiles_360,string,,Generated molecule index 360 using the STONED molecular generator
smiles_361,string,,Generated molecule index 361 using the STONED molecular generator
smiles_362,string,,Generated molecule index 362 using the STONED molecular generator
smiles_363,string,,Generated molecule index 363 using the STONED molecular generator
smiles_364,string,,Generated molecule index 364 using the STONED molecular generator
smiles_365,string,,Generated molecule index 365 using the STONED molecular generator
smiles_366,string,,Generated molecule index 366 using the STONED molecular generator
smiles_367,string,,Generated molecule index 367 using the STONED molecular generator
smiles_368,string,,Generated molecule index 368 using the STONED molecular generator
smiles_369,string,,Generated molecule index 369 using the STONED molecular generator
smiles_370,string,,Generated molecule index 370 using the STONED molecular generator
smiles_371,string,,Generated molecule index 371 using the STONED molecular generator
smiles_372,string,,Generated molecule index 372 using the STONED molecular generator
smiles_373,string,,Generated molecule index 373 using the STONED molecular generator
smiles_374,string,,Generated molecule index 374 using the STONED molecular generator
smiles_375,string,,Generated molecule index 375 using the STONED molecular generator
smiles_376,string,,Generated molecule index 376 using the STONED molecular generator
smiles_377,string,,Generated molecule index 377 using the STONED molecular generator
smiles_378,string,,Generated molecule index 378 using the STONED molecular generator
smiles_379,string,,Generated molecule index 379 using the STONED molecular generator
smiles_380,string,,Generated molecule index 380 using the STONED molecular generator
smiles_381,string,,Generated molecule index 381 using the STONED molecular generator
smiles_382,string,,Generated molecule index 382 using the STONED molecular generator
smiles_383,string,,Generated molecule index 383 using the STONED molecular generator
smiles_384,string,,Generated molecule index 384 using the STONED molecular generator
smiles_385,string,,Generated molecule index 385 using the STONED molecular generator
smiles_386,string,,Generated molecule index 386 using the STONED molecular generator
smiles_387,string,,Generated molecule index 387 using the STONED molecular generator
smiles_388,string,,Generated molecule index 388 using the STONED molecular generator
smiles_389,string,,Generated molecule index 389 using the STONED molecular generator
smiles_390,string,,Generated molecule index 390 using the STONED molecular generator
smiles_391,string,,Generated molecule index 391 using the STONED molecular generator
smiles_392,string,,Generated molecule index 392 using the STONED molecular generator
smiles_393,string,,Generated molecule index 393 using the STONED molecular generator
smiles_394,string,,Generated molecule index 394 using the STONED molecular generator
smiles_395,string,,Generated molecule index 395 using the STONED molecular generator
smiles_396,string,,Generated molecule index 396 using the STONED molecular generator
smiles_397,string,,Generated molecule index 397 using the STONED molecular generator
smiles_398,string,,Generated molecule index 398 using the STONED molecular generator
smiles_399,string,,Generated molecule index 399 using the STONED molecular generator
smiles_400,string,,Generated molecule index 400 using the STONED molecular generator
smiles_401,string,,Generated molecule index 401 using the STONED molecular generator
smiles_402,string,,Generated molecule index 402 using the STONED molecular generator
smiles_403,string,,Generated molecule index 403 using the STONED molecular generator
smiles_404,string,,Generated molecule index 404 using the STONED molecular generator
smiles_405,string,,Generated molecule index 405 using the STONED molecular generator
smiles_406,string,,Generated molecule index 406 using the STONED molecular generator
smiles_407,string,,Generated molecule index 407 using the STONED molecular generator
smiles_408,string,,Generated molecule index 408 using the STONED molecular generator
smiles_409,string,,Generated molecule index 409 using the STONED molecular generator
smiles_410,string,,Generated molecule index 410 using the STONED molecular generator
smiles_411,string,,Generated molecule index 411 using the STONED molecular generator
smiles_412,string,,Generated molecule index 412 using the STONED molecular generator
smiles_413,string,,Generated molecule index 413 using the STONED molecular generator
smiles_414,string,,Generated molecule index 414 using the STONED molecular generator
smiles_415,string,,Generated molecule index 415 using the STONED molecular generator
smiles_416,string,,Generated molecule index 416 using the STONED molecular generator
smiles_417,string,,Generated molecule index 417 using the STONED molecular generator
smiles_418,string,,Generated molecule index 418 using the STONED molecular generator
smiles_419,string,,Generated molecule index 419 using the STONED molecular generator
smiles_420,string,,Generated molecule index 420 using the STONED molecular generator
smiles_421,string,,Generated molecule index 421 using the STONED molecular generator
smiles_422,string,,Generated molecule index 422 using the STONED molecular generator
smiles_423,string,,Generated molecule index 423 using the STONED molecular generator
smiles_424,string,,Generated molecule index 424 using the STONED molecular generator
smiles_425,string,,Generated molecule index 425 using the STONED molecular generator
smiles_426,string,,Generated molecule index 426 using the STONED molecular generator
smiles_427,string,,Generated molecule index 427 using the STONED molecular generator
smiles_428,string,,Generated molecule index 428 using the STONED molecular generator
smiles_429,string,,Generated molecule index 429 using the STONED molecular generator
smiles_430,string,,Generated molecule index 430 using the STONED molecular generator
smiles_431,string,,Generated molecule index 431 using the STONED molecular generator
smiles_432,string,,Generated molecule index 432 using the STONED molecular generator
smiles_433,string,,Generated molecule index 433 using the STONED molecular generator
smiles_434,string,,Generated molecule index 434 using the STONED molecular generator
smiles_435,string,,Generated molecule index 435 using the STONED molecular generator
smiles_436,string,,Generated molecule index 436 using the STONED molecular generator
smiles_437,string,,Generated molecule index 437 using the STONED molecular generator
smiles_438,string,,Generated molecule index 438 using the STONED molecular generator
smiles_439,string,,Generated molecule index 439 using the STONED molecular generator
smiles_440,string,,Generated molecule index 440 using the STONED molecular generator
smiles_441,string,,Generated molecule index 441 using the STONED molecular generator
smiles_442,string,,Generated molecule index 442 using the STONED molecular generator
smiles_443,string,,Generated molecule index 443 using the STONED molecular generator
smiles_444,string,,Generated molecule index 444 using the STONED molecular generator
smiles_445,string,,Generated molecule index 445 using the STONED molecular generator
smiles_446,string,,Generated molecule index 446 using the STONED molecular generator
smiles_447,string,,Generated molecule index 447 using the STONED molecular generator
smiles_448,string,,Generated molecule index 448 using the STONED molecular generator
smiles_449,string,,Generated molecule index 449 using the STONED molecular generator
smiles_450,string,,Generated molecule index 450 using the STONED molecular generator
smiles_451,string,,Generated molecule index 451 using the STONED molecular generator
smiles_452,string,,Generated molecule index 452 using the STONED molecular generator
smiles_453,string,,Generated molecule index 453 using the STONED molecular generator
smiles_454,string,,Generated molecule index 454 using the STONED molecular generator
smiles_455,string,,Generated molecule index 455 using the STONED molecular generator
smiles_456,string,,Generated molecule index 456 using the STONED molecular generator
smiles_457,string,,Generated molecule index 457 using the STONED molecular generator
smiles_458,string,,Generated molecule index 458 using the STONED molecular generator
smiles_459,string,,Generated molecule index 459 using the STONED molecular generator
smiles_460,string,,Generated molecule index 460 using the STONED molecular generator
smiles_461,string,,Generated molecule index 461 using the STONED molecular generator
smiles_462,string,,Generated molecule index 462 using the STONED molecular generator
smiles_463,string,,Generated molecule index 463 using the STONED molecular generator
smiles_464,string,,Generated molecule index 464 using the STONED molecular generator
smiles_465,string,,Generated molecule index 465 using the STONED molecular generator
smiles_466,string,,Generated molecule index 466 using the STONED molecular generator
smiles_467,string,,Generated molecule index 467 using the STONED molecular generator
smiles_468,string,,Generated molecule index 468 using the STONED molecular generator
smiles_469,string,,Generated molecule index 469 using the STONED molecular generator
smiles_470,string,,Generated molecule index 470 using the STONED molecular generator
smiles_471,string,,Generated molecule index 471 using the STONED molecular generator
smiles_472,string,,Generated molecule index 472 using the STONED molecular generator
smiles_473,string,,Generated molecule index 473 using the STONED molecular generator
smiles_474,string,,Generated molecule index 474 using the STONED molecular generator
smiles_475,string,,Generated molecule index 475 using the STONED molecular generator
smiles_476,string,,Generated molecule index 476 using the STONED molecular generator
smiles_477,string,,Generated molecule index 477 using the STONED molecular generator
smiles_478,string,,Generated molecule index 478 using the STONED molecular generator
smiles_479,string,,Generated molecule index 479 using the STONED molecular generator
smiles_480,string,,Generated molecule index 480 using the STONED molecular generator
smiles_481,string,,Generated molecule index 481 using the STONED molecular generator
smiles_482,string,,Generated molecule index 482 using the STONED molecular generator
smiles_483,string,,Generated molecule index 483 using the STONED molecular generator
smiles_484,string,,Generated molecule index 484 using the STONED molecular generator
smiles_485,string,,Generated molecule index 485 using the STONED molecular generator
smiles_486,string,,Generated molecule index 486 using the STONED molecular generator
smiles_487,string,,Generated molecule index 487 using the STONED molecular generator
smiles_488,string,,Generated molecule index 488 using the STONED molecular generator
smiles_489,string,,Generated molecule index 489 using the STONED molecular generator
smiles_490,string,,Generated molecule index 490 using the STONED molecular generator
smiles_491,string,,Generated molecule index 491 using the STONED molecular generator
smiles_492,string,,Generated molecule index 492 using the STONED molecular generator
smiles_493,string,,Generated molecule index 493 using the STONED molecular generator
smiles_494,string,,Generated molecule index 494 using the STONED molecular generator
smiles_495,string,,Generated molecule index 495 using the STONED molecular generator
smiles_496,string,,Generated molecule index 496 using the STONED molecular generator
smiles_497,string,,Generated molecule index 497 using the STONED molecular generator
smiles_498,string,,Generated molecule index 498 using the STONED molecular generator
smiles_499,string,,Generated molecule index 499 using the STONED molecular generator
smiles_500,string,,Generated molecule index 500 using the STONED molecular generator
smiles_501,string,,Generated molecule index 501 using the STONED molecular generator
smiles_502,string,,Generated molecule index 502 using the STONED molecular generator
smiles_503,string,,Generated molecule index 503 using the STONED molecular generator
smiles_504,string,,Generated molecule index 504 using the STONED molecular generator
smiles_505,string,,Generated molecule index 505 using the STONED molecular generator
smiles_506,string,,Generated molecule index 506 using the STONED molecular generator
smiles_507,string,,Generated molecule index 507 using the STONED molecular generator
smiles_508,string,,Generated molecule index 508 using the STONED molecular generator
smiles_509,string,,Generated molecule index 509 using the STONED molecular generator
smiles_510,string,,Generated molecule index 510 using the STONED molecular generator
smiles_511,string,,Generated molecule index 511 using the STONED molecular generator
smiles_512,string,,Generated molecule index 512 using the STONED molecular generator
smiles_513,string,,Generated molecule index 513 using the STONED molecular generator
smiles_514,string,,Generated molecule index 514 using the STONED molecular generator
smiles_515,string,,Generated molecule index 515 using the STONED molecular generator
smiles_516,string,,Generated molecule index 516 using the STONED molecular generator
smiles_517,string,,Generated molecule index 517 using the STONED molecular generator
smiles_518,string,,Generated molecule index 518 using the STONED molecular generator
smiles_519,string,,Generated molecule index 519 using the STONED molecular generator
smiles_520,string,,Generated molecule index 520 using the STONED molecular generator
smiles_521,string,,Generated molecule index 521 using the STONED molecular generator
smiles_522,string,,Generated molecule index 522 using the STONED molecular generator
smiles_523,string,,Generated molecule index 523 using the STONED molecular generator
smiles_524,string,,Generated molecule index 524 using the STONED molecular generator
smiles_525,string,,Generated molecule index 525 using the STONED molecular generator
smiles_526,string,,Generated molecule index 526 using the STONED molecular generator
smiles_527,string,,Generated molecule index 527 using the STONED molecular generator
smiles_528,string,,Generated molecule index 528 using the STONED molecular generator
smiles_529,string,,Generated molecule index 529 using the STONED molecular generator
smiles_530,string,,Generated molecule index 530 using the STONED molecular generator
smiles_531,string,,Generated molecule index 531 using the STONED molecular generator
smiles_532,string,,Generated molecule index 532 using the STONED molecular generator
smiles_533,string,,Generated molecule index 533 using the STONED molecular generator
smiles_534,string,,Generated molecule index 534 using the STONED molecular generator
smiles_535,string,,Generated molecule index 535 using the STONED molecular generator
smiles_536,string,,Generated molecule index 536 using the STONED molecular generator
smiles_537,string,,Generated molecule index 537 using the STONED molecular generator
smiles_538,string,,Generated molecule index 538 using the STONED molecular generator
smiles_539,string,,Generated molecule index 539 using the STONED molecular generator
smiles_540,string,,Generated molecule index 540 using the STONED molecular generator
smiles_541,string,,Generated molecule index 541 using the STONED molecular generator
smiles_542,string,,Generated molecule index 542 using the STONED molecular generator
smiles_543,string,,Generated molecule index 543 using the STONED molecular generator
smiles_544,string,,Generated molecule index 544 using the STONED molecular generator
smiles_545,string,,Generated molecule index 545 using the STONED molecular generator
smiles_546,string,,Generated molecule index 546 using the STONED molecular generator
smiles_547,string,,Generated molecule index 547 using the STONED molecular generator
smiles_548,string,,Generated molecule index 548 using the STONED molecular generator
smiles_549,string,,Generated molecule index 549 using the STONED molecular generator
smiles_550,string,,Generated molecule index 550 using the STONED molecular generator
smiles_551,string,,Generated molecule index 551 using the STONED molecular generator
smiles_552,string,,Generated molecule index 552 using the STONED molecular generator
smiles_553,string,,Generated molecule index 553 using the STONED molecular generator
smiles_554,string,,Generated molecule index 554 using the STONED molecular generator
smiles_555,string,,Generated molecule index 555 using the STONED molecular generator
smiles_556,string,,Generated molecule index 556 using the STONED molecular generator
smiles_557,string,,Generated molecule index 557 using the STONED molecular generator
smiles_558,string,,Generated molecule index 558 using the STONED molecular generator
smiles_559,string,,Generated molecule index 559 using the STONED molecular generator
smiles_560,string,,Generated molecule index 560 using the STONED molecular generator
smiles_561,string,,Generated molecule index 561 using the STONED molecular generator
smiles_562,string,,Generated molecule index 562 using the STONED molecular generator
smiles_563,string,,Generated molecule index 563 using the STONED molecular generator
smiles_564,string,,Generated molecule index 564 using the STONED molecular generator
smiles_565,string,,Generated molecule index 565 using the STONED molecular generator
smiles_566,string,,Generated molecule index 566 using the STONED molecular generator
smiles_567,string,,Generated molecule index 567 using the STONED molecular generator
smiles_568,string,,Generated molecule index 568 using the STONED molecular generator
smiles_569,string,,Generated molecule index 569 using the STONED molecular generator
smiles_570,string,,Generated molecule index 570 using the STONED molecular generator
smiles_571,string,,Generated molecule index 571 using the STONED molecular generator
smiles_572,string,,Generated molecule index 572 using the STONED molecular generator
smiles_573,string,,Generated molecule index 573 using the STONED molecular generator
smiles_574,string,,Generated molecule index 574 using the STONED molecular generator
smiles_575,string,,Generated molecule index 575 using the STONED molecular generator
smiles_576,string,,Generated molecule index 576 using the STONED molecular generator
smiles_577,string,,Generated molecule index 577 using the STONED molecular generator
smiles_578,string,,Generated molecule index 578 using the STONED molecular generator
smiles_579,string,,Generated molecule index 579 using the STONED molecular generator
smiles_580,string,,Generated molecule index 580 using the STONED molecular generator
smiles_581,string,,Generated molecule index 581 using the STONED molecular generator
smiles_582,string,,Generated molecule index 582 using the STONED molecular generator
smiles_583,string,,Generated molecule index 583 using the STONED molecular generator
smiles_584,string,,Generated molecule index 584 using the STONED molecular generator
smiles_585,string,,Generated molecule index 585 using the STONED molecular generator
smiles_586,string,,Generated molecule index 586 using the STONED molecular generator
smiles_587,string,,Generated molecule index 587 using the STONED molecular generator
smiles_588,string,,Generated molecule index 588 using the STONED molecular generator
smiles_589,string,,Generated molecule index 589 using the STONED molecular generator
smiles_590,string,,Generated molecule index 590 using the STONED molecular generator
smiles_591,string,,Generated molecule index 591 using the STONED molecular generator
smiles_592,string,,Generated molecule index 592 using the STONED molecular generator
smiles_593,string,,Generated molecule index 593 using the STONED molecular generator
smiles_594,string,,Generated molecule index 594 using the STONED molecular generator
smiles_595,string,,Generated molecule index 595 using the STONED molecular generator
smiles_596,string,,Generated molecule index 596 using the STONED molecular generator
smiles_597,string,,Generated molecule index 597 using the STONED molecular generator
smiles_598,string,,Generated molecule index 598 using the STONED molecular generator
smiles_599,string,,Generated molecule index 599 using the STONED molecular generator
smiles_600,string,,Generated molecule index 600 using the STONED molecular generator
smiles_601,string,,Generated molecule index 601 using the STONED molecular generator
smiles_602,string,,Generated molecule index 602 using the STONED molecular generator
smiles_603,string,,Generated molecule index 603 using the STONED molecular generator
smiles_604,string,,Generated molecule index 604 using the STONED molecular generator
smiles_605,string,,Generated molecule index 605 using the STONED molecular generator
smiles_606,string,,Generated molecule index 606 using the STONED molecular generator
smiles_607,string,,Generated molecule index 607 using the STONED molecular generator
smiles_608,string,,Generated molecule index 608 using the STONED molecular generator
smiles_609,string,,Generated molecule index 609 using the STONED molecular generator
smiles_610,string,,Generated molecule index 610 using the STONED molecular generator
smiles_611,string,,Generated molecule index 611 using the STONED molecular generator
smiles_612,string,,Generated molecule index 612 using the STONED molecular generator
smiles_613,string,,Generated molecule index 613 using the STONED molecular generator
smiles_614,string,,Generated molecule index 614 using the STONED molecular generator
smiles_615,string,,Generated molecule index 615 using the STONED molecular generator
smiles_616,string,,Generated molecule index 616 using the STONED molecular generator
smiles_617,string,,Generated molecule index 617 using the STONED molecular generator
smiles_618,string,,Generated molecule index 618 using the STONED molecular generator
smiles_619,string,,Generated molecule index 619 using the STONED molecular generator
smiles_620,string,,Generated molecule index 620 using the STONED molecular generator
smiles_621,string,,Generated molecule index 621 using the STONED molecular generator
smiles_622,string,,Generated molecule index 622 using the STONED molecular generator
smiles_623,string,,Generated molecule index 623 using the STONED molecular generator
smiles_624,string,,Generated molecule index 624 using the STONED molecular generator
smiles_625,string,,Generated molecule index 625 using the STONED molecular generator
smiles_626,string,,Generated molecule index 626 using the STONED molecular generator
smiles_627,string,,Generated molecule index 627 using the STONED molecular generator
smiles_628,string,,Generated molecule index 628 using the STONED molecular generator
smiles_629,string,,Generated molecule index 629 using the STONED molecular generator
smiles_630,string,,Generated molecule index 630 using the STONED molecular generator
smiles_631,string,,Generated molecule index 631 using the STONED molecular generator
smiles_632,string,,Generated molecule index 632 using the STONED molecular generator
smiles_633,string,,Generated molecule index 633 using the STONED molecular generator
smiles_634,string,,Generated molecule index 634 using the STONED molecular generator
smiles_635,string,,Generated molecule index 635 using the STONED molecular generator
smiles_636,string,,Generated molecule index 636 using the STONED molecular generator
smiles_637,string,,Generated molecule index 637 using the STONED molecular generator
smiles_638,string,,Generated molecule index 638 using the STONED molecular generator
smiles_639,string,,Generated molecule index 639 using the STONED molecular generator
smiles_640,string,,Generated molecule index 640 using the STONED molecular generator
smiles_641,string,,Generated molecule index 641 using the STONED molecular generator
smiles_642,string,,Generated molecule index 642 using the STONED molecular generator
smiles_643,string,,Generated molecule index 643 using the STONED molecular generator
smiles_644,string,,Generated molecule index 644 using the STONED molecular generator
smiles_645,string,,Generated molecule index 645 using the STONED molecular generator
smiles_646,string,,Generated molecule index 646 using the STONED molecular generator
smiles_647,string,,Generated molecule index 647 using the STONED molecular generator
smiles_648,string,,Generated molecule index 648 using the STONED molecular generator
smiles_649,string,,Generated molecule index 649 using the STONED molecular generator
smiles_650,string,,Generated molecule index 650 using the STONED molecular generator
smiles_651,string,,Generated molecule index 651 using the STONED molecular generator
smiles_652,string,,Generated molecule index 652 using the STONED molecular generator
smiles_653,string,,Generated molecule index 653 using the STONED molecular generator
smiles_654,string,,Generated molecule index 654 using the STONED molecular generator
smiles_655,string,,Generated molecule index 655 using the STONED molecular generator
smiles_656,string,,Generated molecule index 656 using the STONED molecular generator
smiles_657,string,,Generated molecule index 657 using the STONED molecular generator
smiles_658,string,,Generated molecule index 658 using the STONED molecular generator
smiles_659,string,,Generated molecule index 659 using the STONED molecular generator
smiles_660,string,,Generated molecule index 660 using the STONED molecular generator
smiles_661,string,,Generated molecule index 661 using the STONED molecular generator
smiles_662,string,,Generated molecule index 662 using the STONED molecular generator
smiles_663,string,,Generated molecule index 663 using the STONED molecular generator
smiles_664,string,,Generated molecule index 664 using the STONED molecular generator
smiles_665,string,,Generated molecule index 665 using the STONED molecular generator
smiles_666,string,,Generated molecule index 666 using the STONED molecular generator
smiles_667,string,,Generated molecule index 667 using the STONED molecular generator
smiles_668,string,,Generated molecule index 668 using the STONED molecular generator
smiles_669,string,,Generated molecule index 669 using the STONED molecular generator
smiles_670,string,,Generated molecule index 670 using the STONED molecular generator
smiles_671,string,,Generated molecule index 671 using the STONED molecular generator
smiles_672,string,,Generated molecule index 672 using the STONED molecular generator
smiles_673,string,,Generated molecule index 673 using the STONED molecular generator
smiles_674,string,,Generated molecule index 674 using the STONED molecular generator
smiles_675,string,,Generated molecule index 675 using the STONED molecular generator
smiles_676,string,,Generated molecule index 676 using the STONED molecular generator
smiles_677,string,,Generated molecule index 677 using the STONED molecular generator
smiles_678,string,,Generated molecule index 678 using the STONED molecular generator
smiles_679,string,,Generated molecule index 679 using the STONED molecular generator
smiles_680,string,,Generated molecule index 680 using the STONED molecular generator
smiles_681,string,,Generated molecule index 681 using the STONED molecular generator
smiles_682,string,,Generated molecule index 682 using the STONED molecular generator
smiles_683,string,,Generated molecule index 683 using the STONED molecular generator
smiles_684,string,,Generated molecule index 684 using the STONED molecular generator
smiles_685,string,,Generated molecule index 685 using the STONED molecular generator
smiles_686,string,,Generated molecule index 686 using the STONED molecular generator
smiles_687,string,,Generated molecule index 687 using the STONED molecular generator
smiles_688,string,,Generated molecule index 688 using the STONED molecular generator
smiles_689,string,,Generated molecule index 689 using the STONED molecular generator
smiles_690,string,,Generated molecule index 690 using the STONED molecular generator
smiles_691,string,,Generated molecule index 691 using the STONED molecular generator
smiles_692,string,,Generated molecule index 692 using the STONED molecular generator
smiles_693,string,,Generated molecule index 693 using the STONED molecular generator
smiles_694,string,,Generated molecule index 694 using the STONED molecular generator
smiles_695,string,,Generated molecule index 695 using the STONED molecular generator
smiles_696,string,,Generated molecule index 696 using the STONED molecular generator
smiles_697,string,,Generated molecule index 697 using the STONED molecular generator
smiles_698,string,,Generated molecule index 698 using the STONED molecular generator
smiles_699,string,,Generated molecule index 699 using the STONED molecular generator
smiles_700,string,,Generated molecule index 700 using the STONED molecular generator
smiles_701,string,,Generated molecule index 701 using the STONED molecular generator
smiles_702,string,,Generated molecule index 702 using the STONED molecular generator
smiles_703,string,,Generated molecule index 703 using the STONED molecular generator
smiles_704,string,,Generated molecule index 704 using the STONED molecular generator
smiles_705,string,,Generated molecule index 705 using the STONED molecular generator
smiles_706,string,,Generated molecule index 706 using the STONED molecular generator
smiles_707,string,,Generated molecule index 707 using the STONED molecular generator
smiles_708,string,,Generated molecule index 708 using the STONED molecular generator
smiles_709,string,,Generated molecule index 709 using the STONED molecular generator
smiles_710,string,,Generated molecule index 710 using the STONED molecular generator
smiles_711,string,,Generated molecule index 711 using the STONED molecular generator
smiles_712,string,,Generated molecule index 712 using the STONED molecular generator
smiles_713,string,,Generated molecule index 713 using the STONED molecular generator
smiles_714,string,,Generated molecule index 714 using the STONED molecular generator
smiles_715,string,,Generated molecule index 715 using the STONED molecular generator
smiles_716,string,,Generated molecule index 716 using the STONED molecular generator
smiles_717,string,,Generated molecule index 717 using the STONED molecular generator
smiles_718,string,,Generated molecule index 718 using the STONED molecular generator
smiles_719,string,,Generated molecule index 719 using the STONED molecular generator
smiles_720,string,,Generated molecule index 720 using the STONED molecular generator
smiles_721,string,,Generated molecule index 721 using the STONED molecular generator
smiles_722,string,,Generated molecule index 722 using the STONED molecular generator
smiles_723,string,,Generated molecule index 723 using the STONED molecular generator
smiles_724,string,,Generated molecule index 724 using the STONED molecular generator
smiles_725,string,,Generated molecule index 725 using the STONED molecular generator
smiles_726,string,,Generated molecule index 726 using the STONED molecular generator
smiles_727,string,,Generated molecule index 727 using the STONED molecular generator
smiles_728,string,,Generated molecule index 728 using the STONED molecular generator
smiles_729,string,,Generated molecule index 729 using the STONED molecular generator
smiles_730,string,,Generated molecule index 730 using the STONED molecular generator
smiles_731,string,,Generated molecule index 731 using the STONED molecular generator
smiles_732,string,,Generated molecule index 732 using the STONED molecular generator
smiles_733,string,,Generated molecule index 733 using the STONED molecular generator
smiles_734,string,,Generated molecule index 734 using the STONED molecular generator
smiles_735,string,,Generated molecule index 735 using the STONED molecular generator
smiles_736,string,,Generated molecule index 736 using the STONED molecular generator
smiles_737,string,,Generated molecule index 737 using the STONED molecular generator
smiles_738,string,,Generated molecule index 738 using the STONED molecular generator
smiles_739,string,,Generated molecule index 739 using the STONED molecular generator
smiles_740,string,,Generated molecule index 740 using the STONED molecular generator
smiles_741,string,,Generated molecule index 741 using the STONED molecular generator
smiles_742,string,,Generated molecule index 742 using the STONED molecular generator
smiles_743,string,,Generated molecule index 743 using the STONED molecular generator
smiles_744,string,,Generated molecule index 744 using the STONED molecular generator
smiles_745,string,,Generated molecule index 745 using the STONED molecular generator
smiles_746,string,,Generated molecule index 746 using the STONED molecular generator
smiles_747,string,,Generated molecule index 747 using the STONED molecular generator
smiles_748,string,,Generated molecule index 748 using the STONED molecular generator
smiles_749,string,,Generated molecule index 749 using the STONED molecular generator
smiles_750,string,,Generated molecule index 750 using the STONED molecular generator
smiles_751,string,,Generated molecule index 751 using the STONED molecular generator
smiles_752,string,,Generated molecule index 752 using the STONED molecular generator
smiles_753,string,,Generated molecule index 753 using the STONED molecular generator
smiles_754,string,,Generated molecule index 754 using the STONED molecular generator
smiles_755,string,,Generated molecule index 755 using the STONED molecular generator
smiles_756,string,,Generated molecule index 756 using the STONED molecular generator
smiles_757,string,,Generated molecule index 757 using the STONED molecular generator
smiles_758,string,,Generated molecule index 758 using the STONED molecular generator
smiles_759,string,,Generated molecule index 759 using the STONED molecular generator
smiles_760,string,,Generated molecule index 760 using the STONED molecular generator
smiles_761,string,,Generated molecule index 761 using the STONED molecular generator
smiles_762,string,,Generated molecule index 762 using the STONED molecular generator
smiles_763,string,,Generated molecule index 763 using the STONED molecular generator
smiles_764,string,,Generated molecule index 764 using the STONED molecular generator
smiles_765,string,,Generated molecule index 765 using the STONED molecular generator
smiles_766,string,,Generated molecule index 766 using the STONED molecular generator
smiles_767,string,,Generated molecule index 767 using the STONED molecular generator
smiles_768,string,,Generated molecule index 768 using the STONED molecular generator
smiles_769,string,,Generated molecule index 769 using the STONED molecular generator
smiles_770,string,,Generated molecule index 770 using the STONED molecular generator
smiles_771,string,,Generated molecule index 771 using the STONED molecular generator
smiles_772,string,,Generated molecule index 772 using the STONED molecular generator
smiles_773,string,,Generated molecule index 773 using the STONED molecular generator
smiles_774,string,,Generated molecule index 774 using the STONED molecular generator
smiles_775,string,,Generated molecule index 775 using the STONED molecular generator
smiles_776,string,,Generated molecule index 776 using the STONED molecular generator
smiles_777,string,,Generated molecule index 777 using the STONED molecular generator
smiles_778,string,,Generated molecule index 778 using the STONED molecular generator
smiles_779,string,,Generated molecule index 779 using the STONED molecular generator
smiles_780,string,,Generated molecule index 780 using the STONED molecular generator
smiles_781,string,,Generated molecule index 781 using the STONED molecular generator
smiles_782,string,,Generated molecule index 782 using the STONED molecular generator
smiles_783,string,,Generated molecule index 783 using the STONED molecular generator
smiles_784,string,,Generated molecule index 784 using the STONED molecular generator
smiles_785,string,,Generated molecule index 785 using the STONED molecular generator
smiles_786,string,,Generated molecule index 786 using the STONED molecular generator
smiles_787,string,,Generated molecule index 787 using the STONED molecular generator
smiles_788,string,,Generated molecule index 788 using the STONED molecular generator
smiles_789,string,,Generated molecule index 789 using the STONED molecular generator
smiles_790,string,,Generated molecule index 790 using the STONED molecular generator
smiles_791,string,,Generated molecule index 791 using the STONED molecular generator
smiles_792,string,,Generated molecule index 792 using the STONED molecular generator
smiles_793,string,,Generated molecule index 793 using the STONED molecular generator
smiles_794,string,,Generated molecule index 794 using the STONED molecular generator
smiles_795,string,,Generated molecule index 795 using the STONED molecular generator
smiles_796,string,,Generated molecule index 796 using the STONED molecular generator
smiles_797,string,,Generated molecule index 797 using the STONED molecular generator
smiles_798,string,,Generated molecule index 798 using the STONED molecular generator
smiles_799,string,,Generated molecule index 799 using the STONED molecular generator
smiles_800,string,,Generated molecule index 800 using the STONED molecular generator
smiles_801,string,,Generated molecule index 801 using the STONED molecular generator
smiles_802,string,,Generated molecule index 802 using the STONED molecular generator
smiles_803,string,,Generated molecule index 803 using the STONED molecular generator
smiles_804,string,,Generated molecule index 804 using the STONED molecular generator
smiles_805,string,,Generated molecule index 805 using the STONED molecular generator
smiles_806,string,,Generated molecule index 806 using the STONED molecular generator
smiles_807,string,,Generated molecule index 807 using the STONED molecular generator
smiles_808,string,,Generated molecule index 808 using the STONED molecular generator
smiles_809,string,,Generated molecule index 809 using the STONED molecular generator
smiles_810,string,,Generated molecule index 810 using the STONED molecular generator
smiles_811,string,,Generated molecule index 811 using the STONED molecular generator
smiles_812,string,,Generated molecule index 812 using the STONED molecular generator
smiles_813,string,,Generated molecule index 813 using the STONED molecular generator
smiles_814,string,,Generated molecule index 814 using the STONED molecular generator
smiles_815,string,,Generated molecule index 815 using the STONED molecular generator
smiles_816,string,,Generated molecule index 816 using the STONED molecular generator
smiles_817,string,,Generated molecule index 817 using the STONED molecular generator
smiles_818,string,,Generated molecule index 818 using the STONED molecular generator
smiles_819,string,,Generated molecule index 819 using the STONED molecular generator
smiles_820,string,,Generated molecule index 820 using the STONED molecular generator
smiles_821,string,,Generated molecule index 821 using the STONED molecular generator
smiles_822,string,,Generated molecule index 822 using the STONED molecular generator
smiles_823,string,,Generated molecule index 823 using the STONED molecular generator
smiles_824,string,,Generated molecule index 824 using the STONED molecular generator
smiles_825,string,,Generated molecule index 825 using the STONED molecular generator
smiles_826,string,,Generated molecule index 826 using the STONED molecular generator
smiles_827,string,,Generated molecule index 827 using the STONED molecular generator
smiles_828,string,,Generated molecule index 828 using the STONED molecular generator
smiles_829,string,,Generated molecule index 829 using the STONED molecular generator
smiles_830,string,,Generated molecule index 830 using the STONED molecular generator
smiles_831,string,,Generated molecule index 831 using the STONED molecular generator
smiles_832,string,,Generated molecule index 832 using the STONED molecular generator
smiles_833,string,,Generated molecule index 833 using the STONED molecular generator
smiles_834,string,,Generated molecule index 834 using the STONED molecular generator
smiles_835,string,,Generated molecule index 835 using the STONED molecular generator
smiles_836,string,,Generated molecule index 836 using the STONED molecular generator
smiles_837,string,,Generated molecule index 837 using the STONED molecular generator
smiles_838,string,,Generated molecule index 838 using the STONED molecular generator
smiles_839,string,,Generated molecule index 839 using the STONED molecular generator
smiles_840,string,,Generated molecule index 840 using the STONED molecular generator
smiles_841,string,,Generated molecule index 841 using the STONED molecular generator
smiles_842,string,,Generated molecule index 842 using the STONED molecular generator
smiles_843,string,,Generated molecule index 843 using the STONED molecular generator
smiles_844,string,,Generated molecule index 844 using the STONED molecular generator
smiles_845,string,,Generated molecule index 845 using the STONED molecular generator
smiles_846,string,,Generated molecule index 846 using the STONED molecular generator
smiles_847,string,,Generated molecule index 847 using the STONED molecular generator
smiles_848,string,,Generated molecule index 848 using the STONED molecular generator
smiles_849,string,,Generated molecule index 849 using the STONED molecular generator
smiles_850,string,,Generated molecule index 850 using the STONED molecular generator
smiles_851,string,,Generated molecule index 851 using the STONED molecular generator
smiles_852,string,,Generated molecule index 852 using the STONED molecular generator
smiles_853,string,,Generated molecule index 853 using the STONED molecular generator
smiles_854,string,,Generated molecule index 854 using the STONED molecular generator
smiles_855,string,,Generated molecule index 855 using the STONED molecular generator
smiles_856,string,,Generated molecule index 856 using the STONED molecular generator
smiles_857,string,,Generated molecule index 857 using the STONED molecular generator
smiles_858,string,,Generated molecule index 858 using the STONED molecular generator
smiles_859,string,,Generated molecule index 859 using the STONED molecular generator
smiles_860,string,,Generated molecule index 860 using the STONED molecular generator
smiles_861,string,,Generated molecule index 861 using the STONED molecular generator
smiles_862,string,,Generated molecule index 862 using the STONED molecular generator
smiles_863,string,,Generated molecule index 863 using the STONED molecular generator
smiles_864,string,,Generated molecule index 864 using the STONED molecular generator
smiles_865,string,,Generated molecule index 865 using the STONED molecular generator
smiles_866,string,,Generated molecule index 866 using the STONED molecular generator
smiles_867,string,,Generated molecule index 867 using the STONED molecular generator
smiles_868,string,,Generated molecule index 868 using the STONED molecular generator
smiles_869,string,,Generated molecule index 869 using the STONED molecular generator
smiles_870,string,,Generated molecule index 870 using the STONED molecular generator
smiles_871,string,,Generated molecule index 871 using the STONED molecular generator
smiles_872,string,,Generated molecule index 872 using the STONED molecular generator
smiles_873,string,,Generated molecule index 873 using the STONED molecular generator
smiles_874,string,,Generated molecule index 874 using the STONED molecular generator
smiles_875,string,,Generated molecule index 875 using the STONED molecular generator
smiles_876,string,,Generated molecule index 876 using the STONED molecular generator
smiles_877,string,,Generated molecule index 877 using the STONED molecular generator
smiles_878,string,,Generated molecule index 878 using the STONED molecular generator
smiles_879,string,,Generated molecule index 879 using the STONED molecular generator
smiles_880,string,,Generated molecule index 880 using the STONED molecular generator
smiles_881,string,,Generated molecule index 881 using the STONED molecular generator
smiles_882,string,,Generated molecule index 882 using the STONED molecular generator
smiles_883,string,,Generated molecule index 883 using the STONED molecular generator
smiles_884,string,,Generated molecule index 884 using the STONED molecular generator
smiles_885,string,,Generated molecule index 885 using the STONED molecular generator
smiles_886,string,,Generated molecule index 886 using the STONED molecular generator
smiles_887,string,,Generated molecule index 887 using the STONED molecular generator
smiles_888,string,,Generated molecule index 888 using the STONED molecular generator
smiles_889,string,,Generated molecule index 889 using the STONED molecular generator
smiles_890,string,,Generated molecule index 890 using the STONED molecular generator
smiles_891,string,,Generated molecule index 891 using the STONED molecular generator
smiles_892,string,,Generated molecule index 892 using the STONED molecular generator
smiles_893,string,,Generated molecule index 893 using the STONED molecular generator
smiles_894,string,,Generated molecule index 894 using the STONED molecular generator
smiles_895,string,,Generated molecule index 895 using the STONED molecular generator
smiles_896,string,,Generated molecule index 896 using the STONED molecular generator
smiles_897,string,,Generated molecule index 897 using the STONED molecular generator
smiles_898,string,,Generated molecule index 898 using the STONED molecular generator
smiles_899,string,,Generated molecule index 899 using the STONED molecular generator
smiles_900,string,,Generated molecule index 900 using the STONED molecular generator
smiles_901,string,,Generated molecule index 901 using the STONED molecular generator
smiles_902,string,,Generated molecule index 902 using the STONED molecular generator
smiles_903,string,,Generated molecule index 903 using the STONED molecular generator
smiles_904,string,,Generated molecule index 904 using the STONED molecular generator
smiles_905,string,,Generated molecule index 905 using the STONED molecular generator
smiles_906,string,,Generated molecule index 906 using the STONED molecular generator
smiles_907,string,,Generated molecule index 907 using the STONED molecular generator
smiles_908,string,,Generated molecule index 908 using the STONED molecular generator
smiles_909,string,,Generated molecule index 909 using the STONED molecular generator
smiles_910,string,,Generated molecule index 910 using the STONED molecular generator
smiles_911,string,,Generated molecule index 911 using the STONED molecular generator
smiles_912,string,,Generated molecule index 912 using the STONED molecular generator
smiles_913,string,,Generated molecule index 913 using the STONED molecular generator
smiles_914,string,,Generated molecule index 914 using the STONED molecular generator
smiles_915,string,,Generated molecule index 915 using the STONED molecular generator
smiles_916,string,,Generated molecule index 916 using the STONED molecular generator
smiles_917,string,,Generated molecule index 917 using the STONED molecular generator
smiles_918,string,,Generated molecule index 918 using the STONED molecular generator
smiles_919,string,,Generated molecule index 919 using the STONED molecular generator
smiles_920,string,,Generated molecule index 920 using the STONED molecular generator
smiles_921,string,,Generated molecule index 921 using the STONED molecular generator
smiles_922,string,,Generated molecule index 922 using the STONED molecular generator
smiles_923,string,,Generated molecule index 923 using the STONED molecular generator
smiles_924,string,,Generated molecule index 924 using the STONED molecular generator
smiles_925,string,,Generated molecule index 925 using the STONED molecular generator
smiles_926,string,,Generated molecule index 926 using the STONED molecular generator
smiles_927,string,,Generated molecule index 927 using the STONED molecular generator
smiles_928,string,,Generated molecule index 928 using the STONED molecular generator
smiles_929,string,,Generated molecule index 929 using the STONED molecular generator
smiles_930,string,,Generated molecule index 930 using the STONED molecular generator
smiles_931,string,,Generated molecule index 931 using the STONED molecular generator
smiles_932,string,,Generated molecule index 932 using the STONED molecular generator
smiles_933,string,,Generated molecule index 933 using the STONED molecular generator
smiles_934,string,,Generated molecule index 934 using the STONED molecular generator
smiles_935,string,,Generated molecule index 935 using the STONED molecular generator
smiles_936,string,,Generated molecule index 936 using the STONED molecular generator
smiles_937,string,,Generated molecule index 937 using the STONED molecular generator
smiles_938,string,,Generated molecule index 938 using the STONED molecular generator
smiles_939,string,,Generated molecule index 939 using the STONED molecular generator
smiles_940,string,,Generated molecule index 940 using the STONED molecular generator
smiles_941,string,,Generated molecule index 941 using the STONED molecular generator
smiles_942,string,,Generated molecule index 942 using the STONED molecular generator
smiles_943,string,,Generated molecule index 943 using the STONED molecular generator
smiles_944,string,,Generated molecule index 944 using the STONED molecular generator
smiles_945,string,,Generated molecule index 945 using the STONED molecular generator
smiles_946,string,,Generated molecule index 946 using the STONED molecular generator
smiles_947,string,,Generated molecule index 947 using the STONED molecular generator
smiles_948,string,,Generated molecule index 948 using the STONED molecular generator
smiles_949,string,,Generated molecule index 949 using the STONED molecular generator
smiles_950,string,,Generated molecule index 950 using the STONED molecular generator
smiles_951,string,,Generated molecule index 951 using the STONED molecular generator
smiles_952,string,,Generated molecule index 952 using the STONED molecular generator
smiles_953,string,,Generated molecule index 953 using the STONED molecular generator
smiles_954,string,,Generated molecule index 954 using the STONED molecular generator
smiles_955,string,,Generated molecule index 955 using the STONED molecular generator
smiles_956,string,,Generated molecule index 956 using the STONED molecular generator
smiles_957,string,,Generated molecule index 957 using the STONED molecular generator
smiles_958,string,,Generated molecule index 958 using the STONED molecular generator
smiles_959,string,,Generated molecule index 959 using the STONED molecular generator
smiles_960,string,,Generated molecule index 960 using the STONED molecular generator
smiles_961,string,,Generated molecule index 961 using the STONED molecular generator
smiles_962,string,,Generated molecule index 962 using the STONED molecular generator
smiles_963,string,,Generated molecule index 963 using the STONED molecular generator
smiles_964,string,,Generated molecule index 964 using the STONED molecular generator
smiles_965,string,,Generated molecule index 965 using the STONED molecular generator
smiles_966,string,,Generated molecule index 966 using the STONED molecular generator
smiles_967,string,,Generated molecule index 967 using the STONED molecular generator
smiles_968,string,,Generated molecule index 968 using the STONED molecular generator
smiles_969,string,,Generated molecule index 969 using the STONED molecular generator
smiles_970,string,,Generated molecule index 970 using the STONED molecular generator
smiles_971,string,,Generated molecule index 971 using the STONED molecular generator
smiles_972,string,,Generated molecule index 972 using the STONED molecular generator
smiles_973,string,,Generated molecule index 973 using the STONED molecular generator
smiles_974,string,,Generated molecule index 974 using the STONED molecular generator
smiles_975,string,,Generated molecule index 975 using the STONED molecular generator
smiles_976,string,,Generated molecule index 976 using the STONED molecular generator
smiles_977,string,,Generated molecule index 977 using the STONED molecular generator
smiles_978,string,,Generated molecule index 978 using the STONED molecular generator
smiles_979,string,,Generated molecule index 979 using the STONED molecular generator
smiles_980,string,,Generated molecule index 980 using the STONED molecular generator
smiles_981,string,,Generated molecule index 981 using the STONED molecular generator
smiles_982,string,,Generated molecule index 982 using the STONED molecular generator
smiles_983,string,,Generated molecule index 983 using the STONED molecular generator
smiles_984,string,,Generated molecule index 984 using the STONED molecular generator
smiles_985,string,,Generated molecule index 985 using the STONED molecular generator
smiles_986,string,,Generated molecule index 986 using the STONED molecular generator
smiles_987,string,,Generated molecule index 987 using the STONED molecular generator
smiles_988,string,,Generated molecule index 988 using the STONED molecular generator
smiles_989,string,,Generated molecule index 989 using the STONED molecular generator
smiles_990,string,,Generated molecule index 990 using the STONED molecular generator
smiles_991,string,,Generated molecule index 991 using the STONED molecular generator
smiles_992,string,,Generated molecule index 992 using the STONED molecular generator
smiles_993,string,,Generated molecule index 993 using the STONED molecular generator
smiles_994,string,,Generated molecule index 994 using the STONED molecular generator
smiles_995,string,,Generated molecule index 995 using the STONED molecular generator
smiles_996,string,,Generated molecule index 996 using the STONED molecular generator
smiles_997,string,,Generated molecule index 997 using the STONED molecular generator
smiles_998,string,,Generated molecule index 998 using the STONED molecular generator
smiles_999,string,,Generated molecule index 999 using the STONED molecular generator
